hemoglobin,wbc,creatinine,sodium,potassium,platelet,doctor_triage,ml_triage
10.2,14.29,7.32,138,5.65,170,urgent,monitor
9.5,20.18,8.55,149,5.34,193,urgent,urgent
7.2,13.99,5.99,146,4.6,219,urgent,urgent
7.8,11.17,7.25,143,5.21,211,urgent,urgent
9,19.12,7.99,140,5.86,199,urgent,urgent
9.6,25.28,6.8,143,4.4,202,urgent,urgent
9.9,22.45,8.38,137,5.4,200,urgent,urgent
8.9,16.13,7.54,137,4.7,200,urgent,urgent
10.6,18.26,9.54,133,5.8,196,urgent,urgent
8.9,28.89,6.57,140,5.2,180,urgent,urgent
8.5,11.94,9.98,141,5.9,180,urgent,monitor
7.7,25.99,7.92,133,5.99,340,urgent,urgent
8.9,9.2,5.6,138,4.9,270,urgent,urgent
9.8,11.36,8.68,140,4.3,296,urgent,monitor
10.1,8,7.61,152,5.33,288,urgent,monitor
8,11.61,5.89,146,6.1,240,urgent,urgent
7.1,19,4.9,157,5.02,230,urgent,urgent
12.4,6.89,9.92,131,4.23,156,urgent,monitor
11.4,10.99,5.3,136,6.47,206,urgent,urgent
10.5,22.25,8.4,137,5.86,150,urgent,urgent
