hemoglobin,wbc,creatinine,sodium,potassium,platelet,triage
8.9,15.63,9.6,137,5.1,198,urgent
10.1,12.9,8.06,138,4.77,200,monitor
10.6,22.74,8.9,134,5.1,172,urgent
10.1,5.56,7.38,132,3.69,289,monitor
12.1,6.94,5.39,132,3.81,498,urgent
11,5.85,6.3,144,4.09,368,normal
10.6,8.63,3.63,148,4.23,179,monitor
12.7,8.26,7.65,139,2.62,89,urgent
10.9,5.48,12.93,144,3.79,329,urgent
12.2,8.08,8.99,140,5.22,165,normal
11.7,8.17,5.26,144,3.73,462,monitor
10.9,4.02,7.6,123,4.75,86,urgent
9.1,4.78,8.93,128,3.03,139,monitor
8.2,7.85,8.36,137,4.96,207,monitor
15.9,4.85,5.69,137,3.64,184,urgent
13.1,8.68,4.66,147,4.31,305,monitor
11.2,3.61,0.87,143,3.88,159,urgent
11.3,3.4,2.1,127,3.07,180,urgent
10.2,10.9,7.92,139,6.49,391,urgent
11.6,3.05,8.6,136,5.2,139,monitor
13.2,3.52,4.41,141,4.02,208,monitor
10.4,7.2,0.81,141,4.58,157,urgent
10.2,5.99,6.72,145,3.27,381,monitor
12.5,10.23,2.52,142,4.77,257,monitor
8.2,5.94,7.86,138,4.6,123,monitor
12.6,3.75,4.74,138,3.36,190,monitor
12.3,14.9,3.64,126,4.97,381,urgent
8.5,3.34,6.35,144,5.14,81,monitor
11,12.47,7.4,152,5.44,390,monitor
10.3,9.1,7.03,139,4.01,120,normal
6.4,8.65,5.57,149,4.15,275,urgent
11.9,9.24,6.85,143,3.92,438,monitor
10.6,10.31,3.25,142,3.69,60,urgent
10.6,5.71,8.25,139,3.89,258,monitor
11.9,9.26,3.48,143,4.43,377,monitor
10.4,7.72,5.59,139,6.1,371,urgent
13.9,14.09,7.13,136,4.04,271,monitor
10.7,8.94,6.04,139,4.34,113,monitor
13.9,23.31,10.66,143,5.73,128,urgent
12,5.16,4.64,135,4.63,300,monitor
11.3,6.65,5.63,139,5.16,143,monitor
11.6,17.54,8.79,135,5.18,187,urgent
10.3,22.72,3.15,125,4.12,380,urgent
12.6,10.59,6.96,129,3.32,131,monitor
11.9,8.53,6.1,139,5.28,163,monitor
11.5,8.31,10.45,148,5.37,246,monitor
13.6,6.28,5.77,138,5.26,265,monitor
10.7,7.89,6.38,139,4.09,188,monitor
11.1,6.41,13.47,138,4.94,328,urgent
6,13.93,15.92,147,3.53,197,urgent
16.4,10.08,8.36,140,3.87,383,urgent
12.4,4.52,4.27,141,5.49,334,normal
12.3,7.66,6.21,148,4.72,385,monitor
10.6,5.1,4.38,140,4.08,318,normal
11.3,10.47,2.81,141,3.03,206,monitor
13.8,6.13,5.36,139,5.28,289,monitor
10.7,10.02,4.1,143,5.03,265,normal
10.8,22.02,4.46,138,5.22,314,urgent
12.7,3.41,5.62,159,3.26,236,urgent
11,14.06,6.75,151,3.56,344,monitor
10.9,6.86,8.21,144,3.81,567,urgent
12.4,1.87,4.95,142,3.64,428,urgent
14.6,6.09,8.99,136,4.19,272,monitor
10.9,8.88,5.17,135,4.91,479,monitor
8.9,7.52,8.35,147,3.29,303,monitor
11.4,21.89,4.4,142,5.41,368,urgent
11.6,5.64,5.44,136,2.4,373,urgent
12.3,6.62,6.66,143,3.66,99,monitor
10.7,7.22,8.49,138,3.65,589,urgent
10.7,3.9,2.45,141,6.33,423,urgent
12,3.82,11.35,143,3.88,332,monitor
9.2,3.28,6.9,136,4.99,157,monitor
12.8,10.39,11.75,158,3.73,64,urgent
12,6.78,9.36,138,4.24,193,monitor
11.9,8.72,7.1,159,3.63,452,urgent
10.1,10.97,5.17,139,5.4,271,normal
12.1,3.75,8.7,142,4.39,222,monitor
16.1,15.76,8.84,154,4.78,66,urgent
10.4,4.48,3.11,130,5.3,360,monitor
10.4,5.22,4.13,143,4.15,135,normal
9.4,9.45,4.55,144,5.07,437,monitor
7.9,13.78,8.55,136,3.63,297,urgent
10.7,7.17,4.48,142,3.81,84,monitor
11.3,14.27,6.93,138,4.21,330,monitor
9.8,6.46,5.06,137,5.19,334,monitor
12.3,3.55,7.47,138,5.81,160,monitor
12.2,4.57,6.12,139,4.52,151,normal
11.2,7.73,6.79,139,4.98,249,normal
10.9,6.83,5.45,145,5.4,313,normal
11.7,10.17,8.93,145,4.38,297,normal
10.2,8.6,6.91,136,4.18,353,normal
10.2,6.15,6.13,139,5.24,399,normal
11.9,4.79,6.5,141,4.02,399,normal
10.8,9.9,5.43,136,4.03,233,normal
11.8,10.93,5.5,143,4.92,348,normal
10.2,4.43,6.53,136,4.54,178,normal
10.3,9.66,6.57,136,5.11,231,normal
11.3,6.89,6.65,138,3.66,224,normal
12.4,6.64,4.2,143,4.84,178,normal
14.8,10.56,1.62,144,4.91,187,urgent
10.8,8.54,5.8,147,7.21,177,urgent
10.1,3.01,6.92,138,3.96,189,monitor
12.7,9.34,7.62,140,4.2,273,normal
10,9.45,6.65,158,3.27,99,urgent
10.2,10.63,4.43,136,5.26,296,normal
9.9,8.7,7.78,139,4.88,364,monitor
10.7,8.42,3.18,144,3.04,451,monitor
9.1,5.7,6.88,144,4.45,367,monitor
16.2,8.57,7.23,136,3.61,368,urgent
10.2,4.69,1.13,143,3.44,407,urgent
10.5,6.84,6.41,144,3.5,421,normal
9.5,16.18,1.5,140,4.67,167,urgent
10.1,8.05,8.71,123,3.66,321,urgent
13.7,3.67,8.68,130,3.52,429,monitor
10.9,7.07,9.85,134,3.47,313,monitor
10.6,9.02,1.69,141,3.14,340,urgent
10.4,4.31,8.9,137,5.16,250,normal
12.8,3.83,2.86,135,5.44,259,urgent
10.7,9.6,7.75,145,5.35,199,normal
12.8,5.4,6.35,146,3.58,113,monitor
11.2,10.87,8.83,138,6.02,342,monitor
11.5,6.2,7.03,139,4.96,97,monitor
12.8,8.64,7.12,132,3.47,112,monitor
6.4,10.32,7.08,138,5.91,314,monitor
15.9,10.72,7.68,138,4.82,506,urgent
12.3,8.28,6.28,128,3.4,149,monitor
10.7,9.39,7.28,143,3.71,152,normal
12,3.46,8.01,145,4.69,435,monitor
15.8,10.25,15.06,138,5.64,481,urgent
11,6.73,6.33,143,3.21,169,monitor
11,12.31,4.15,142,6.75,119,urgent
10.2,6.65,3.29,137,4.42,191,monitor
12,3.78,7.77,144,3,538,urgent
14.2,4.8,4.84,141,2.63,374,urgent
11.9,4.53,4.51,139,4.88,365,normal
7,6.39,8.8,143,3.71,405,urgent
10.7,5.95,10.39,144,5.69,285,monitor
10.7,17.4,6.58,137,2.55,489,urgent
14,6.41,2.59,141,4.24,496,monitor
10.8,5.76,4.6,136,4.57,208,normal
9.7,4.89,5.48,138,4.22,362,normal
8.5,4.8,4.33,144,5.78,474,monitor
10.7,9.54,3.99,132,5.86,307,monitor
9.3,5.85,6.76,136,3.98,147,monitor
14.1,7.18,2.58,143,5.35,356,monitor
11.3,9.77,10.79,158,5.34,94,urgent
13.9,3.09,6.88,145,5.17,86,urgent
13,7.1,6.18,138,4.54,394,normal
15.1,1.99,6.27,138,4.6,507,urgent
12.3,5.31,5.81,143,4.75,274,normal
10.4,5.11,5.2,145,4.6,333,normal
11.2,8.94,7.24,137,5.37,238,normal
16,9.51,1.84,135,4.03,474,urgent
11.7,6.42,6.69,140,4.14,287,normal
12.9,4.7,2.99,138,6.56,98,urgent
11,6.87,7.27,140,5.44,196,normal
7.2,10.45,3.26,145,4.99,280,urgent
11.1,7.72,4.73,141,5.98,238,monitor
10.8,4.07,6.31,138,3.79,514,monitor
11.3,5.75,11.96,148,5.19,210,monitor
14.5,4.34,7.43,142,4.63,542,urgent
10.7,9.29,7.84,142,4,207,normal
10.5,6.07,7.74,149,3.68,190,monitor
6.9,10.86,7.62,144,3.07,440,urgent
10.1,12.75,8.42,137,5.57,117,monitor
10.7,7.76,11.99,136,5.57,147,monitor
13.9,12.96,8.7,138,4.88,215,monitor
11.4,5.33,7.31,136,3.2,404,monitor
11.7,5.63,7.87,127,5.13,326,urgent
10.7,4.37,5.62,149,2.39,202,urgent
12.8,4.76,6.57,143,3.59,301,normal
10.2,3.49,4.33,141,5.54,480,monitor
11.4,4.69,7.51,141,5.21,345,normal
12.5,6.19,6.07,142,4.3,244,normal
12.4,8.11,4.48,141,4.98,178,normal
11.1,20,7.28,137,4.66,214,urgent
10.8,10.45,4.91,143,4.2,522,urgent
11.8,10.59,9.47,138,5.75,247,monitor
11,5.51,10.24,155,3.72,304,urgent
14.4,13.95,7.84,138,5.03,90,monitor
6.9,8.97,11.76,148,6.19,322,urgent
11,6.77,5.55,130,5.81,527,urgent
10.8,12.05,7.23,145,3.71,194,monitor
16.2,6.12,4.75,139,3.64,338,urgent
11.9,6.01,4.45,145,5.45,261,monitor
12.4,7.15,10.82,145,5.17,147,monitor
10.8,9.52,6.04,141,4.18,550,urgent
11,9.07,8.37,138,4.81,422,normal
11,12.68,8.74,136,4.79,361,monitor
13,11.58,4.77,128,4.09,516,urgent
10.1,9.04,3.44,139,5.44,84,urgent
12.4,9.85,6.35,139,4.12,434,normal
12.6,3.87,8.23,136,4.61,128,monitor
11.2,6.9,8.65,145,5.27,139,monitor
12.1,6.01,8.15,149,3.42,191,monitor
11.6,11.65,3.1,138,3.72,368,monitor
11.7,8.42,6.5,140,5.17,169,normal
13,3.52,6.63,125,4.51,455,urgent
12.4,5.78,4.08,142,5.46,253,normal
11.4,23.81,7.88,143,3.63,494,urgent
10.6,9.27,8.95,140,4.59,226,normal
12.7,9.2,8.87,149,4.27,299,monitor
11.8,11.31,6.13,138,5.9,123,monitor
12.4,3.08,5.82,142,5.88,341,monitor
11.1,8.24,7.89,139,4.63,170,normal
11.9,7.71,7.68,137,4.3,184,normal
10.4,10.99,5,148,3.65,150,monitor
11.5,13.67,7.97,144,4.78,133,monitor
10.4,6.79,10.4,144,5.47,170,monitor
11,4.52,4.63,136,4.53,290,normal
8.6,8.97,3.66,130,4.19,432,monitor
12.8,7.52,4.84,138,4.57,188,normal
10.1,9.78,7.21,135,4.65,345,normal
15,16.97,4.3,140,4.38,172,urgent
8.6,7.27,5.24,155,4.03,179,urgent
12.2,9.69,8.67,145,3.82,207,normal
11.1,10.77,6.47,136,3.93,302,normal
11.1,11.15,14.91,154,4.08,319,urgent
10.4,12.12,7.01,139,4.3,489,normal
9.2,7.61,4.81,141,4.16,447,monitor
14.2,11.99,5.54,139,5.3,183,monitor
11.9,5.19,7.61,141,4.67,402,normal
11.8,7.51,13.68,139,4.44,211,urgent
13.8,6.4,4.87,138,5.32,256,monitor
12.8,5.95,7.86,145,4.1,361,normal
16.1,3.29,7.57,138,4.08,592,urgent
6.2,9.02,4.26,132,3.12,274,urgent
15.8,4.41,5.44,138,5.04,377,urgent
12.9,10.56,3.99,140,5.35,269,monitor
11.5,4.94,11.67,160,5.12,232,urgent
12.6,10.28,8.13,129,5.84,305,monitor
12.9,4.08,5.51,142,5.95,551,urgent
11.9,10.21,11.06,143,5.35,357,monitor
12.4,8.76,13.66,143,5.95,379,urgent
12.6,2.74,6.21,132,4.86,100,urgent
10.1,12.69,3.03,142,4.12,318,monitor
12.7,10.9,11.1,136,4.58,292,monitor
11.3,10.12,8.59,136,4.25,439,normal
10.1,4.02,5.49,142,4.56,217,normal
10.6,7.22,4.78,143,3.56,413,normal
11.6,9.28,4.22,130,4.38,568,urgent
12.5,10.9,5.18,141,5.25,382,normal
11.2,6.23,4.75,159,6.16,505,urgent
11.4,4.4,8.29,139,4.33,193,normal
12.5,9.07,4.46,137,5.34,344,normal
12.2,11.63,9.91,129,4.99,207,monitor
11.1,6.51,11.33,140,4.02,304,monitor
10.7,7.94,4.73,138,5.75,430,monitor
10.7,7.85,8.72,138,3.96,321,normal
11.5,9.04,4.85,141,5.33,313,monitor
